{"stat.walkOneCm":16923,"stat.pickup.minecraft.bone":2,"stat.craftItem.minecraft.planks":32,"stat.leaveGame":2,"stat.craftItem.minecraft.stone_axe":1,"stat.damageTaken":30,"stat.pickup.minecraft.clay_ball":2,"stat.craftItem.minecraft.crafting_table":1,"stat.mobKills":1,"stat.pickup.minecraft.cobblestone":42,"stat.mineBlock.minecraft.log":19,"stat.craftItem.hammertime.itemhammerwood":1,"stat.pickup.minecraft.log":18,"stat.craftItem.minecraft.stone_sword":1,"stat.flyOneCm":422,"stat.jump":59,"stat.mineBlock.minecraft.leaves":1,"stat.playOneMinute":9133,"stat.fallOneCm":418,"stat.sneakTime":26,"stat.useItem.minecraft.stone_axe":6,"stat.damageDealt":35,"stat.pickup.minecraft.stone":3,"stat.crouchOneCm":154,"stat.timeSinceDeath":9133,"stat.pickup.minecraft.sapling":6,"stat.pickup.minecraft.dirt":21,"stat.sprintOneCm":457,"stat.mineBlock.minecraft.dirt":6,"stat.useItem.minecraft.stone_slab2":1,"stat.craftItem.minecraft.stick":8,"stat.craftingTableInteraction":6}