{"stat.walkOneCm":40105,"stat.pickup.minecraft.bone":2,"stat.leaveGame":4,"stat.pickup.minecraft.crafting_table":1,"stat.pickup.minecraft.clay_ball":2,"stat.craftItem.minecraft.crafting_table":1,"stat.pickup.minecraft.log":46,"stat.jump":114,"stat.fallOneCm":1312,"stat.useItem.minecraft.stone_axe":36,"stat.pickup.minecraft.stone":3,"stat.crouchOneCm":653,"stat.pickup.minecraft.sapling":9,"stat.pickup.minecraft.dirt":21,"stat.sprintOneCm":2398,"stat.useItem.minecraft.stone_slab2":1,"stat.craftItem.minecraft.stick":8,"stat.craftingTableInteraction":6,"stat.craftItem.minecraft.planks":32,"stat.craftItem.minecraft.stone_axe":1,"stat.damageTaken":30,"stat.mineBlock.minecraft.crafting_table":1,"stat.mobKills":1,"stat.pickup.minecraft.cobblestone":42,"stat.mineBlock.minecraft.log":47,"stat.craftItem.hammertime.itemhammerwood":1,"stat.craftItem.minecraft.stone_sword":1,"stat.flyOneCm":2376,"stat.mineBlock.minecraft.leaves":2,"stat.playOneMinute":12447,"stat.sneakTime":91,"stat.damageDealt":35,"stat.timeSinceDeath":12447,"stat.mineBlock.minecraft.dirt":6}