{"stat.chestOpened":1,"stat.pickup.minecraft.sand":1,"stat.walkOneCm":26643,"stat.craftItem.minecraft.planks":12,"stat.pickup.minecraft.crafting_table":1,"stat.damageTaken":263,"stat.mineBlock.minecraft.crafting_table":1,"stat.craftItem.minecraft.crafting_table":1,"stat.craftItem.minecraft.wooden_sword":1,"stat.mineBlock.minecraft.log":4,"stat.pickup.minecraft.log":3,"stat.flyOneCm":56879,"stat.pickup.minecraft.bed":1,"stat.deaths":1,"stat.jump":220,"stat.mineBlock.minecraft.leaves":1,"stat.mineBlock.minecraft.sand":2,"stat.playOneMinute":7336,"stat.fallOneCm":5157,"stat.useItem.minecraft.wooden_sword":1,"stat.sneakTime":108,"stat.damageDealt":59,"stat.crouchOneCm":756,"stat.timeSinceDeath":1200,"stat.sprintOneCm":31735,"stat.useItem.minecraft.stone_slab2":4,"stat.mineBlock.minecraft.tallgrass":1,"stat.craftItem.minecraft.stick":8,"stat.craftingTableInteraction":2,"stat.entityKilledBy.deathworm":1}