{"stat.chestOpened":4,"stat.walkOneCm":86136,"stat.pickup.minecraft.bone":2,"stat.pickup.minecraft.stick":3,"stat.pickup.tropicraft.pineapple":2,"stat.leaveGame":5,"stat.pickup.minecraft.crafting_table":2,"stat.pickup.minecraft.clay_ball":4,"stat.craftItem.minecraft.crafting_table":1,"stat.pickup.minecraft.stone_axe":1,"stat.pickup.zoocraftdiscoveries.seed_dill":1,"stat.pickup.gravestone.death_info":1,"stat.pickup.hammertime.itemhammerwood":1,"stat.pickup.minecraft.log":81,"stat.jump":220,"stat.swimOneCm":2702,"stat.fallOneCm":3767,"stat.pickup.openblocks.info_book":1,"stat.useItem.minecraft.stone_axe":36,"stat.pickup.minecraft.stone":6,"stat.crouchOneCm":1322,"stat.mineBlock.gravestone.gravestone":2,"stat.pickup.mca.crystal_ball":1,"stat.pickup.minecraft.sapling":19,"stat.pickup.minecraft.dirt":42,"stat.sprintOneCm":8437,"stat.useItem.minecraft.stone_slab2":3,"stat.craftItem.minecraft.stick":8,"stat.craftingTableInteraction":7,"stat.mineBlock.tropicraft.pineapple":3,"stat.craftItem.minecraft.planks":32,"stat.craftItem.minecraft.stone_axe":1,"stat.damageTaken":556,"stat.mineBlock.minecraft.crafting_table":1,"stat.pickup.minecraft.stone_sword":1,"stat.mobKills":1,"stat.pickup.minecraft.cobblestone":79,"stat.mineBlock.minecraft.log":47,"stat.craftItem.hammertime.itemhammerwood":2,"stat.pickup.minecraft.planks":24,"stat.craftItem.minecraft.stone_sword":2,"stat.flyOneCm":8869,"stat.deaths":2,"stat.mineBlock.minecraft.leaves":2,"stat.playOneMinute":22411,"stat.sneakTime":384,"stat.damageDealt":35,"stat.mineBlock.openblocks.grave":2,"stat.timeSinceDeath":7721,"stat.mineBlock.minecraft.dirt":6,"stat.mineBlock.minecraft.tallgrass":1,"stat.diveOneCm":6861}