{"stat.chestOpened":1,"stat.pickup.minecraft.bone":1,"stat.leaveGame":3,"stat.pickup.minecraft.arrow":2,"stat.jump":336,"stat.swimOneCm":6302,"stat.fallOneCm":6678,"stat.pickup.minecraft.melon_seeds":2,"stat.crouchOneCm":1170,"stat.mineBlock.gravestone.gravestone":2,"stat.pickup.minecraft.dirt":3,"stat.pickup.zoocraftdiscoveries.seed_basil":1,"stat.useItem.minecraft.stone_slab2":7,"stat.craftingTableInteraction":2,"stat.pickup.minecraft.sand":1,"stat.damageTaken":439,"stat.craftItem.minecraft.wooden_sword":1,"stat.pickup.minecraft.planks":2,"stat.flyOneCm":74279,"stat.pickup.minecraft.bed":4,"stat.mineBlock.minecraft.sand":2,"stat.damageDealt":101,"stat.mineBlock.openblocks.grave":1,"stat.sleepInBed":2,"stat.timeSinceDeath":6933,"stat.mineBlock.minecraft.dirt":3,"stat.walkOneCm":45846,"stat.pickup.minecraft.stick":7,"stat.pickup.minecraft.crafting_table":2,"stat.craftItem.minecraft.crafting_table":1,"stat.pickup.minecraft.wooden_sword":1,"stat.pickup.minecraft.log":3,"stat.pickup.openblocks.info_book":1,"stat.pickup.mca.crystal_ball":1,"stat.sprintOneCm":48473,"stat.craftItem.minecraft.stick":8,"stat.craftItem.minecraft.planks":12,"stat.mineBlock.minecraft.crafting_table":2,"stat.mineBlock.minecraft.log":4,"stat.deaths":1,"stat.mineBlock.minecraft.leaves":1,"stat.playOneMinute":13069,"stat.useItem.minecraft.wooden_sword":2,"stat.sneakTime":218,"stat.mineBlock.minecraft.tallgrass":6,"stat.diveOneCm":8185,"stat.entityKilledBy.deathworm":1}