{"stat.pickup.minecraft.rotten_flesh":1,"stat.pickup.minecraft.sand":11,"stat.walkOneCm":45964,"stat.pickup.minecraft.stick":2,"stat.pickup.zoocraftdiscoveries.rhino_leather":4,"stat.leaveGame":4,"stat.damageTaken":236,"stat.mineBlock.minecraft.deadbush":2,"stat.pickup.iceandfire.deathworm_chitin":4,"stat.flyOneCm":32945,"stat.deaths":1,"stat.jump":166,"stat.swimOneCm":2588,"stat.playOneMinute":7843,"stat.fallOneCm":2597,"stat.sneakTime":27,"stat.damageDealt":36,"stat.crouchOneCm":241,"stat.timeSinceDeath":4426,"stat.sprintOneCm":31653,"stat.entityKilledBy.deathworm":1}