{"stat.walkOneCm":18894,"stat.craftItem.minecraft.planks":28,"stat.pickup.minecraft.stick":2,"stat.pickup.zoocraftdiscoveries.rhino_leather":8,"stat.pickup.minecraft.wooden_axe":1,"stat.leaveGame":1,"stat.pickup.minecraft.crafting_table":2,"stat.mineBlock.minecraft.crafting_table":1,"stat.damageTaken":336,"stat.craftItem.minecraft.crafting_table":1,"stat.mineBlock.minecraft.double_plant":1,"stat.mobKills":4,"stat.pickup.zoocraftdiscoveries.seed_dill":2,"stat.mineBlock.minecraft.log":6,"stat.useItem.minecraft.porkchop":2,"stat.pickup.minecraft.planks":35,"stat.pickup.minecraft.log":7,"stat.flyOneCm":70251,"stat.mineBlock.minecraft.planks":1,"stat.deaths":1,"stat.drop":1,"stat.jump":277,"stat.mineBlock.minecraft.leaves":3,"stat.playOneMinute":8312,"stat.fallOneCm":4565,"stat.useItem.minecraft.planks":6,"stat.pickup.openblocks.info_book":1,"stat.sneakTime":769,"stat.damageDealt":465,"stat.pickup.minecraft.porkchop":16,"stat.drop.minecraft.planks":1,"stat.mineBlock.openblocks.grave":1,"stat.crouchOneCm":906,"stat.timeSinceDeath":1403,"stat.useItem.minecraft.wooden_axe":12,"stat.sprintOneCm":20207,"stat.useItem.minecraft.stone_slab2":1,"stat.killEntity.Pig":4,"stat.mineBlock.minecraft.tallgrass":10,"stat.craftItem.minecraft.wooden_axe":1,"stat.craftItem.minecraft.stick":4,"stat.craftingTableInteraction":1,"stat.entityKilledBy.deathworm":1}