{"stat.walkOneCm":59297,"stat.useItem.minecraft.torch":15,"stat.pickup.minecraft.gravel":6,"stat.mineBlock.minecraft.cobblestone":1,"stat.useItem.minecraft.cobblestone":4,"stat.craftItem.minecraft.crafting_table":4,"stat.furnaceInteraction":10,"stat.pickup.minecraft.flint":2,"stat.mineBlock.minecraft.coal_ore":61,"stat.pickup.minecraft.log":40,"stat.swimOneCm":1108,"stat.jump":110,"stat.pickup.minecraft.coal":60,"stat.fallOneCm":1254,"stat.pickup.minecraft.beef":11,"stat.craftItem.minecraft.stone_slab2":0,"stat.useItem.minecraft.stone_axe":2,"stat.pickup.minecraft.stone":32,"stat.craftItem.minecraft.iron_chestplate":1,"stat.craftItem.minecraft.iron_ingot":16,"stat.craftItem.minecraft.torch":16,"stat.pickup.minecraft.sapling":2,"stat.pickup.minecraft.dirt":10,"stat.craftItem.minecraft.iron_helmet":1,"stat.sprintOneCm":8641,"stat.useItem.minecraft.stone_slab2":9,"stat.craftItem.minecraft.stick":28,"stat.craftItem.minecraft.wooden_axe":1,"stat.craftingTableInteraction":13,"stat.pickup.minecraft.iron_ore":34,"stat.craftItem.minecraft.furnace":3,"stat.pickup.minecraft.gold_ore":5,"stat.craftItem.minecraft.planks":36,"stat.craftItem.minecraft.stone_axe":1,"stat.pickup.minecraft.leather":3,"stat.damageTaken":52,"stat.craftItem.minecraft.stone_pickaxe":3,"stat.mineBlock.minecraft.torch":3,"stat.useItem.minecraft.wooden_pickaxe":36,"stat.useItem.minecraft.furnace":1,"stat.pickup.minecraft.cobblestone":311,"stat.mobKills":4,"stat.mineBlock.minecraft.log":40,"stat.flyOneCm":3205,"stat.mineBlock.minecraft.leaves":1,"stat.playOneMinute":21992,"stat.pickup.minecraft.torch":3,"stat.mineBlock.minecraft.gravel":8,"stat.useItem.minecraft.stone_pickaxe":396,"stat.craftItem.minecraft.iron_pickaxe":1,"stat.damageDealt":655,"stat.mineBlock.minecraft.iron_ore":34,"stat.timeSinceDeath":21992,"stat.useItem.minecraft.wooden_axe":45,"stat.killEntity.Cow":4,"stat.mineBlock.minecraft.dirt":10,"stat.useItem.minecraft.iron_pickaxe":15,"stat.craftItem.minecraft.wooden_pickaxe":1,"stat.mineBlock.minecraft.stone":345,"stat.mineBlock.minecraft.gold_ore":5,"stat.mineBlock.minecraft.tallgrass":4,"stat.diveOneCm":1385}