{"stat.chestOpened":8,"stat.mineBlock.minecraft.mossy_cobblestone":28,"stat.pickup.minecraft.bone":1,"stat.drop.minecraft.wooden_pickaxe":1,"stat.pickup.minecraft.gravel":12,"stat.leaveGame":1,"stat.pickup.minecraft.arrow":2,"stat.mineBlock.minecraft.cobblestone":17,"stat.pickup.minecraft.flint":8,"stat.useItem.minecraft.rotten_flesh":7,"stat.swimOneCm":12802,"stat.jump":473,"stat.pickup.minecraft.coal":180,"stat.fallOneCm":2771,"stat.craftItem.minecraft.shield":1,"stat.useItem.minecraft.stone_axe":6,"stat.pickup.minecraft.melon_seeds":16,"stat.pickup.minecraft.gunpowder":4,"stat.crouchOneCm":730,"stat.mineBlock.minecraft.chest":2,"stat.craftItem.minecraft.iron_ingot":74,"stat.craftItem.minecraft.torch":52,"stat.pickup.minecraft.dirt":13,"stat.craftItem.minecraft.iron_helmet":1,"stat.useItem.minecraft.stone_slab2":18,"stat.useItem.minecraft.water_bucket":1,"stat.craftingTableInteraction":21,"stat.pickup.minecraft.iron_ore":90,"stat.pickup.minecraft.rotten_flesh":54,"stat.craftItem.minecraft.furnace":5,"stat.pickup.minecraft.gold_ore":36,"stat.mineBlock.minecraft.lapis_ore":6,"stat.craftItem.minecraft.stone_axe":1,"stat.craftItem.minecraft.iron_boots":1,"stat.pickup.minecraft.wooden_pickaxe":1,"stat.pickup.minecraft.leather":3,"stat.damageTaken":869,"stat.pickup.minecraft.feather":2,"stat.craftItem.minecraft.stone_pickaxe":3,"stat.mineBlock.minecraft.torch":14,"stat.useItem.minecraft.wooden_pickaxe":36,"stat.useItem.minecraft.furnace":2,"stat.craftItem.minecraft.cooked_beef":11,"stat.pickup.minecraft.cobblestone":1191,"stat.pickup.minecraft.dye":32,"stat.pickup.minecraft.planks":4,"stat.flyOneCm":23715,"stat.mineBlock.minecraft.gravel":8,"stat.useItem.minecraft.stone_pickaxe":396,"stat.useItem.minecraft.cooked_beef":8,"stat.craftItem.minecraft.iron_leggings":1,"stat.damageDealt":8380,"stat.pickup.minecraft.redstone":36,"stat.mineBlock.minecraft.iron_ore":90,"stat.timeSinceDeath":68409,"stat.killEntity.Cow":4,"stat.mineBlock.minecraft.dirt":13,"stat.useItem.minecraft.iron_pickaxe":842,"stat.craftItem.minecraft.wooden_pickaxe":1,"stat.craftItem.minecraft.iron_sword":1,"stat.pickup.minecraft.mossy_cobblestone":28,"stat.pickup.minecraft.record_13":1,"stat.walkOneCm":225454,"stat.useItem.minecraft.bread":1,"stat.useItem.minecraft.torch":61,"stat.useItem.minecraft.cobblestone":51,"stat.furnaceInteraction":28,"stat.craftItem.minecraft.crafting_table":6,"stat.mineBlock.minecraft.coal_ore":181,"stat.pickup.minecraft.log":40,"stat.pickup.minecraft.beef":11,"stat.craftItem.minecraft.stone_slab2":0,"stat.craftItem.minecraft.gold_ingot":36,"stat.pickup.minecraft.stone":100,"stat.craftItem.minecraft.iron_chestplate":1,"stat.pickup.minecraft.chicken":1,"stat.pickup.minecraft.sapling":4,"stat.sprintOneCm":40506,"stat.craftItem.minecraft.stick":40,"stat.craftItem.minecraft.wooden_axe":1,"stat.killEntity.Skeleton":1,"stat.craftItem.minecraft.bucket":1,"stat.craftItem.minecraft.planks":56,"stat.useItem.minecraft.iron_sword":160,"stat.killEntity.Chicken":1,"stat.pickup.minecraft.pumpkin_seeds":6,"stat.pickup.minecraft.golden_horse_armor":3,"stat.mobKills":46,"stat.mineBlock.minecraft.log":40,"stat.useItem.minecraft.bucket":1,"stat.drop":1,"stat.mineBlock.minecraft.leaves":1,"stat.playOneMinute":68409,"stat.pickup.minecraft.torch":15,"stat.mineBlock.minecraft.redstone_ore":8,"stat.sneakTime":430,"stat.craftItem.minecraft.iron_pickaxe":4,"stat.killEntity.Zombie":38,"stat.useItem.minecraft.wooden_axe":45,"stat.mineBlock.minecraft.stone":902,"stat.mineBlock.minecraft.gold_ore":37,"stat.mineBlock.minecraft.tallgrass":4,"stat.diveOneCm":1385,"stat.pickup.minecraft.chest":2}