{"stat.chestOpened":2,"stat.walkOneCm":143042,"stat.useItem.minecraft.torch":54,"stat.useItem.minecraft.bread":1,"stat.drop.minecraft.wooden_pickaxe":1,"stat.pickup.minecraft.gravel":12,"stat.pickup.minecraft.arrow":2,"stat.mineBlock.minecraft.cobblestone":2,"stat.useItem.minecraft.cobblestone":13,"stat.craftItem.minecraft.crafting_table":5,"stat.furnaceInteraction":19,"stat.pickup.minecraft.flint":6,"stat.mineBlock.minecraft.coal_ore":181,"stat.pickup.minecraft.log":40,"stat.swimOneCm":9518,"stat.jump":277,"stat.pickup.minecraft.coal":180,"stat.fallOneCm":1465,"stat.craftItem.minecraft.shield":1,"stat.pickup.minecraft.beef":11,"stat.craftItem.minecraft.stone_slab2":0,"stat.useItem.minecraft.stone_axe":4,"stat.pickup.minecraft.stone":100,"stat.craftItem.minecraft.iron_chestplate":1,"stat.crouchOneCm":194,"stat.craftItem.minecraft.iron_ingot":38,"stat.craftItem.minecraft.torch":52,"stat.pickup.minecraft.sapling":4,"stat.pickup.minecraft.dirt":13,"stat.craftItem.minecraft.iron_helmet":1,"stat.sprintOneCm":18297,"stat.useItem.minecraft.stone_slab2":13,"stat.craftItem.minecraft.stick":32,"stat.craftItem.minecraft.wooden_axe":1,"stat.craftingTableInteraction":17,"stat.pickup.minecraft.iron_ore":85,"stat.pickup.minecraft.rotten_flesh":26,"stat.killEntity.Skeleton":1,"stat.craftItem.minecraft.furnace":5,"stat.pickup.minecraft.gold_ore":36,"stat.mineBlock.minecraft.lapis_ore":6,"stat.craftItem.minecraft.planks":52,"stat.useItem.minecraft.iron_sword":46,"stat.craftItem.minecraft.stone_axe":1,"stat.craftItem.minecraft.iron_boots":1,"stat.pickup.minecraft.wooden_pickaxe":1,"stat.pickup.minecraft.leather":3,"stat.damageTaken":405,"stat.craftItem.minecraft.stone_pickaxe":3,"stat.mineBlock.minecraft.torch":7,"stat.useItem.minecraft.wooden_pickaxe":36,"stat.useItem.minecraft.furnace":2,"stat.craftItem.minecraft.cooked_beef":11,"stat.pickup.minecraft.cobblestone":644,"stat.mobKills":17,"stat.mineBlock.minecraft.log":40,"stat.pickup.minecraft.dye":32,"stat.flyOneCm":7074,"stat.drop":1,"stat.mineBlock.minecraft.leaves":1,"stat.playOneMinute":46292,"stat.pickup.minecraft.torch":8,"stat.mineBlock.minecraft.gravel":8,"stat.useItem.minecraft.stone_pickaxe":396,"stat.useItem.minecraft.cooked_beef":4,"stat.mineBlock.minecraft.redstone_ore":8,"stat.craftItem.minecraft.iron_pickaxe":3,"stat.sneakTime":229,"stat.craftItem.minecraft.iron_leggings":1,"stat.damageDealt":2912,"stat.pickup.minecraft.redstone":35,"stat.mineBlock.minecraft.iron_ore":85,"stat.killEntity.Zombie":12,"stat.timeSinceDeath":46292,"stat.useItem.minecraft.wooden_axe":45,"stat.killEntity.Cow":4,"stat.mineBlock.minecraft.dirt":13,"stat.useItem.minecraft.iron_pickaxe":703,"stat.craftItem.minecraft.wooden_pickaxe":1,"stat.mineBlock.minecraft.stone":815,"stat.mineBlock.minecraft.gold_ore":37,"stat.mineBlock.minecraft.tallgrass":4,"stat.diveOneCm":1385,"stat.craftItem.minecraft.iron_sword":1}