{"stat.chestOpened":7,"stat.walkOneCm":39298,"stat.useItem.minecraft.sapling":4,"stat.craftItem.minecraft.planks":84,"stat.damageTaken":90,"stat.killEntity.Spider":1,"stat.craftItem.minecraft.crafting_table":2,"stat.pickup.minecraft.stone_sword":1,"stat.mobKills":1,"stat.pickup.dynamictrees.oakseed":5,"stat.mineBlock.minecraft.log":29,"stat.useItem.dynamictrees.oakseed":1,"stat.pickup.hammertime.itemhammerwood":1,"stat.pickup.minecraft.reeds":12,"stat.pickup.minecraft.log":35,"stat.pickup.minecraft.string":2,"stat.flyOneCm":33510,"stat.jump":193,"stat.mineBlock.minecraft.leaves":2,"stat.swimOneCm":1641,"stat.playOneMinute":10643,"stat.fallOneCm":5134,"stat.pickup.minecraft.red_flower":1,"stat.sneakTime":1,"stat.damageDealt":111,"stat.timeSinceDeath":10643,"stat.pickup.minecraft.sapling":6,"stat.useItem.minecraft.wooden_axe":22,"stat.sprintOneCm":22685,"stat.useItem.minecraft.stone_slab2":5,"stat.craftItem.minecraft.wooden_pickaxe":1,"stat.diveOneCm":2772,"stat.craftItem.minecraft.stick":4,"stat.craftItem.minecraft.wooden_axe":1,"stat.craftingTableInteraction":3}