{"stat.chestOpened":2,"stat.walkOneCm":111554,"stat.useItem.minecraft.torch":35,"stat.pickup.minecraft.gravel":6,"stat.pickup.minecraft.arrow":2,"stat.mineBlock.minecraft.cobblestone":2,"stat.useItem.minecraft.cobblestone":10,"stat.craftItem.minecraft.crafting_table":5,"stat.furnaceInteraction":17,"stat.pickup.minecraft.flint":6,"stat.mineBlock.minecraft.coal_ore":135,"stat.pickup.minecraft.log":40,"stat.swimOneCm":9518,"stat.jump":243,"stat.pickup.minecraft.coal":134,"stat.fallOneCm":1465,"stat.craftItem.minecraft.shield":1,"stat.pickup.minecraft.beef":11,"stat.craftItem.minecraft.stone_slab2":0,"stat.useItem.minecraft.stone_axe":4,"stat.pickup.minecraft.stone":34,"stat.craftItem.minecraft.iron_chestplate":1,"stat.crouchOneCm":194,"stat.craftItem.minecraft.iron_ingot":23,"stat.craftItem.minecraft.torch":52,"stat.pickup.minecraft.sapling":2,"stat.pickup.minecraft.dirt":13,"stat.craftItem.minecraft.iron_helmet":1,"stat.sprintOneCm":11001,"stat.useItem.minecraft.stone_slab2":11,"stat.craftItem.minecraft.stick":28,"stat.craftItem.minecraft.wooden_axe":1,"stat.craftingTableInteraction":15,"stat.pickup.minecraft.iron_ore":71,"stat.pickup.minecraft.rotten_flesh":26,"stat.killEntity.Skeleton":1,"stat.craftItem.minecraft.furnace":5,"stat.pickup.minecraft.gold_ore":15,"stat.craftItem.minecraft.planks":52,"stat.useItem.minecraft.iron_sword":46,"stat.craftItem.minecraft.stone_axe":1,"stat.craftItem.minecraft.iron_boots":1,"stat.pickup.minecraft.leather":3,"stat.damageTaken":385,"stat.craftItem.minecraft.stone_pickaxe":3,"stat.mineBlock.minecraft.torch":4,"stat.useItem.minecraft.wooden_pickaxe":36,"stat.useItem.minecraft.furnace":2,"stat.craftItem.minecraft.cooked_beef":11,"stat.pickup.minecraft.cobblestone":359,"stat.mobKills":17,"stat.mineBlock.minecraft.log":40,"stat.flyOneCm":6005,"stat.mineBlock.minecraft.leaves":1,"stat.playOneMinute":34592,"stat.pickup.minecraft.torch":5,"stat.mineBlock.minecraft.gravel":8,"stat.useItem.minecraft.stone_pickaxe":396,"stat.useItem.minecraft.cooked_beef":4,"stat.mineBlock.minecraft.redstone_ore":8,"stat.craftItem.minecraft.iron_pickaxe":1,"stat.sneakTime":229,"stat.damageDealt":2912,"stat.pickup.minecraft.redstone":35,"stat.mineBlock.minecraft.iron_ore":71,"stat.killEntity.Zombie":12,"stat.timeSinceDeath":34592,"stat.useItem.minecraft.wooden_axe":45,"stat.killEntity.Cow":4,"stat.mineBlock.minecraft.dirt":13,"stat.useItem.minecraft.iron_pickaxe":191,"stat.craftItem.minecraft.wooden_pickaxe":1,"stat.mineBlock.minecraft.stone":390,"stat.mineBlock.minecraft.gold_ore":15,"stat.mineBlock.minecraft.tallgrass":4,"stat.diveOneCm":1385,"stat.craftItem.minecraft.iron_sword":1}