{"stat.chestOpened":4,"stat.walkOneCm":168761,"stat.useItem.minecraft.torch":55,"stat.useItem.minecraft.bread":1,"stat.drop.minecraft.wooden_pickaxe":1,"stat.pickup.minecraft.gravel":12,"stat.pickup.minecraft.arrow":2,"stat.mineBlock.minecraft.cobblestone":6,"stat.useItem.minecraft.cobblestone":28,"stat.craftItem.minecraft.crafting_table":5,"stat.furnaceInteraction":25,"stat.pickup.minecraft.flint":6,"stat.mineBlock.minecraft.coal_ore":181,"stat.pickup.minecraft.log":40,"stat.swimOneCm":12802,"stat.jump":352,"stat.pickup.minecraft.coal":180,"stat.fallOneCm":1883,"stat.craftItem.minecraft.shield":1,"stat.pickup.minecraft.beef":11,"stat.craftItem.minecraft.stone_slab2":0,"stat.useItem.minecraft.stone_axe":4,"stat.craftItem.minecraft.gold_ingot":24,"stat.pickup.minecraft.stone":100,"stat.craftItem.minecraft.iron_chestplate":1,"stat.crouchOneCm":729,"stat.craftItem.minecraft.iron_ingot":60,"stat.craftItem.minecraft.torch":52,"stat.pickup.minecraft.sapling":4,"stat.pickup.minecraft.dirt":13,"stat.craftItem.minecraft.iron_helmet":1,"stat.sprintOneCm":34167,"stat.useItem.minecraft.stone_slab2":14,"stat.craftItem.minecraft.stick":32,"stat.craftItem.minecraft.wooden_axe":1,"stat.craftingTableInteraction":20,"stat.pickup.minecraft.iron_ore":85,"stat.pickup.minecraft.rotten_flesh":32,"stat.killEntity.Skeleton":1,"stat.craftItem.minecraft.furnace":5,"stat.pickup.minecraft.gold_ore":36,"stat.mineBlock.minecraft.lapis_ore":6,"stat.craftItem.minecraft.bucket":1,"stat.craftItem.minecraft.planks":52,"stat.useItem.minecraft.iron_sword":68,"stat.craftItem.minecraft.stone_axe":1,"stat.craftItem.minecraft.iron_boots":1,"stat.pickup.minecraft.wooden_pickaxe":1,"stat.pickup.minecraft.leather":3,"stat.damageTaken":460,"stat.craftItem.minecraft.stone_pickaxe":3,"stat.mineBlock.minecraft.torch":14,"stat.useItem.minecraft.wooden_pickaxe":36,"stat.useItem.minecraft.furnace":2,"stat.craftItem.minecraft.cooked_beef":11,"stat.pickup.minecraft.cobblestone":660,"stat.mobKills":22,"stat.mineBlock.minecraft.log":40,"stat.useItem.minecraft.bucket":1,"stat.pickup.minecraft.dye":32,"stat.flyOneCm":12845,"stat.drop":1,"stat.mineBlock.minecraft.leaves":1,"stat.playOneMinute":57992,"stat.pickup.minecraft.torch":14,"stat.mineBlock.minecraft.gravel":8,"stat.useItem.minecraft.stone_pickaxe":396,"stat.useItem.minecraft.cooked_beef":5,"stat.mineBlock.minecraft.redstone_ore":8,"stat.craftItem.minecraft.iron_pickaxe":3,"stat.sneakTime":399,"stat.craftItem.minecraft.iron_leggings":1,"stat.damageDealt":3912,"stat.pickup.minecraft.redstone":35,"stat.mineBlock.minecraft.iron_ore":85,"stat.killEntity.Zombie":17,"stat.timeSinceDeath":57992,"stat.useItem.minecraft.wooden_axe":45,"stat.killEntity.Cow":4,"stat.mineBlock.minecraft.dirt":13,"stat.useItem.minecraft.iron_pickaxe":717,"stat.craftItem.minecraft.wooden_pickaxe":1,"stat.mineBlock.minecraft.stone":820,"stat.mineBlock.minecraft.gold_ore":37,"stat.mineBlock.minecraft.tallgrass":4,"stat.diveOneCm":1385,"stat.craftItem.minecraft.iron_sword":1}