{"stat.walkOneCm":23603,"stat.useItem.minecraft.torch":4,"stat.craftItem.minecraft.crafting_table":2,"stat.furnaceInteraction":4,"stat.mineBlock.minecraft.coal_ore":27,"stat.pickup.minecraft.log":40,"stat.swimOneCm":989,"stat.jump":97,"stat.pickup.minecraft.coal":26,"stat.fallOneCm":1254,"stat.pickup.minecraft.beef":11,"stat.craftItem.minecraft.stone_slab2":0,"stat.craftItem.minecraft.iron_ingot":6,"stat.craftItem.minecraft.torch":16,"stat.pickup.minecraft.sapling":2,"stat.pickup.minecraft.dirt":8,"stat.sprintOneCm":5728,"stat.useItem.minecraft.stone_slab2":3,"stat.craftItem.minecraft.stick":12,"stat.craftItem.minecraft.wooden_axe":1,"stat.craftingTableInteraction":5,"stat.pickup.minecraft.iron_ore":6,"stat.craftItem.minecraft.furnace":2,"stat.craftItem.minecraft.planks":20,"stat.craftItem.minecraft.stone_axe":1,"stat.pickup.minecraft.leather":3,"stat.craftItem.minecraft.stone_pickaxe":1,"stat.mineBlock.minecraft.torch":2,"stat.useItem.minecraft.wooden_pickaxe":30,"stat.useItem.minecraft.furnace":1,"stat.pickup.minecraft.cobblestone":92,"stat.mobKills":4,"stat.mineBlock.minecraft.log":40,"stat.flyOneCm":3087,"stat.mineBlock.minecraft.leaves":1,"stat.playOneMinute":10292,"stat.pickup.minecraft.torch":2,"stat.useItem.minecraft.stone_pickaxe":100,"stat.damageDealt":545,"stat.mineBlock.minecraft.iron_ore":6,"stat.timeSinceDeath":10292,"stat.useItem.minecraft.wooden_axe":45,"stat.killEntity.Cow":4,"stat.mineBlock.minecraft.dirt":8,"stat.craftItem.minecraft.wooden_pickaxe":1,"stat.mineBlock.minecraft.stone":94,"stat.mineBlock.minecraft.tallgrass":4,"stat.diveOneCm":1385}