{"stat.leaveGame":3,"stat.useItem.minecraft.porkchop":2,"stat.jump":375,"stat.swimOneCm":2830,"stat.fallOneCm":6922,"stat.useItem.minecraft.planks":6,"stat.pickup.minecraft.porkchop":16,"stat.crouchOneCm":906,"stat.useItem.minecraft.stone_slab2":1,"stat.craftingTableInteraction":1,"stat.damageTaken":336,"stat.pickup.minecraft.planks":35,"stat.flyOneCm":96469,"stat.damageDealt":465,"stat.mineBlock.openblocks.grave":1,"stat.timeSinceDeath":5063,"stat.killEntity.Pig":4,"stat.walkOneCm":26270,"stat.pickup.minecraft.stick":2,"stat.pickup.minecraft.wooden_axe":1,"stat.pickup.minecraft.crafting_table":2,"stat.craftItem.minecraft.crafting_table":1,"stat.mineBlock.minecraft.double_plant":1,"stat.pickup.zoocraftdiscoveries.seed_dill":2,"stat.pickup.minecraft.log":7,"stat.pickup.openblocks.info_book":1,"stat.drop.minecraft.planks":1,"stat.sprintOneCm":30785,"stat.craftItem.minecraft.wooden_axe":1,"stat.craftItem.minecraft.stick":4,"stat.craftItem.minecraft.planks":28,"stat.pickup.zoocraftdiscoveries.rhino_leather":8,"stat.mineBlock.minecraft.crafting_table":1,"stat.mobKills":4,"stat.mineBlock.minecraft.log":6,"stat.mineBlock.minecraft.planks":1,"stat.deaths":1,"stat.drop":1,"stat.mineBlock.minecraft.leaves":3,"stat.playOneMinute":11972,"stat.sneakTime":769,"stat.useItem.minecraft.wooden_axe":12,"stat.mineBlock.minecraft.tallgrass":10,"stat.diveOneCm":2705,"stat.entityKilledBy.deathworm":1}