{
  "iceandfire:iceandfire/root": {
    "criteria": {
      "tick": "2024-08-01 22:25:19 +0000"
    },
    "done": true
  },
  "mowziesmobs:root": {
    "criteria": {
      "custom_test_name": "2024-08-01 22:25:19 +0000"
    },
    "done": true
  },
  "cfm:root": {
    "criteria": {
      "tick": "2024-08-01 22:25:19 +0000"
    },
    "done": true
  },
  "cfm:install": {
    "criteria": {
      "tick": "2024-08-01 22:25:19 +0000"
    },
    "done": true
  },
  "minecraft:adventure/adventuring_time": {
    "criteria": {
      "taiga_hills": "2024-08-01 22:25:19 +0000"
    },
    "done": false
  }
}