{
  "iceandfire:iceandfire/root": {
    "criteria": {
      "tick": "2024-08-02 02:30:15 +0000"
    },
    "done": true
  },
  "minecraft:adventure/root": {
    "criteria": {
      "killed_by_something": "2024-08-02 02:33:04 +0000"
    },
    "done": true
  },
  "mowziesmobs:root": {
    "criteria": {
      "custom_test_name": "2024-08-02 02:30:15 +0000"
    },
    "done": true
  },
  "cfm:root": {
    "criteria": {
      "tick": "2024-08-02 02:30:15 +0000"
    },
    "done": true
  },
  "cfm:install": {
    "criteria": {
      "tick": "2024-08-02 02:30:15 +0000"
    },
    "done": true
  },
  "minecraft:adventure/adventuring_time": {
    "criteria": {
      "desert_hills": "2024-08-02 02:32:44 +0000",
      "plains": "2024-08-02 02:30:15 +0000",
      "desert": "2024-08-02 02:30:47 +0000"
    },
    "done": false
  }
}